order_id,customer_id,order_date,product_name,quantity,unit_price,total_price
20001,11052,2023-09-03,Programmable real-time extranet,2,62.28,124.56
20002,11093,2025-02-16,Devolved client-driven structure,8,18.07,144.56
20003,11015,2024-01-19,Team-oriented contextually-based website,8,74.59,596.72
20004,11072,2023-12-31,Programmable secondary hierarchy,1,45.99,45.99
20005,11061,2024-08-25,Decentralized local standardization,3,97.91,293.73
20006,11021,2024-12-25,Right-sized empowering moratorium,9,84.09,756.8100000000001
20007,11083,2024-12-28,Progressive intangible data-warehouse,5,57.02,285.1
20008,11087,2024-07-04,Centralized context-sensitive task-force,6,21.09,126.53999999999999
20009,11075,2024-08-20,Enterprise-wide bi-directional monitoring,4,87.35,349.4
20010,11075,2023-08-26,Advanced neutral collaboration,2,81.98,163.96
20011,11088,2024-05-22,Multi-channeled content-based Graphic Interface,8,26.61,212.88
20012,11100,2024-01-14,Progressive next generation infrastructure,6,36.58,219.48
20013,11024,2025-04-08,Switchable fault-tolerant Local Area Network,5,81.41,407.04999999999995
20014,11003,2024-07-12,De-engineered holistic algorithm,9,26.67,240.03000000000003
20015,11022,2024-03-03,Distributed local info-mediaries,1,92.6,92.6
20016,11053,2023-08-31,Proactive composite access,5,48.21,241.05
20017,11002,2023-09-03,Re-engineered stable access,6,17.83,106.97999999999999
20018,11088,2023-11-08,Pre-emptive local challenge,5,83.42,417.1
20019,11030,2024-03-22,Persistent interactive policy,6,43.62,261.71999999999997
20020,11038,2023-06-16,Enhanced zero administration functionalities,6,57.38,344.28000000000003
20021,11002,2023-09-01,De-engineered logistical info-mediaries,7,20.11,140.76999999999998
20022,11064,2023-09-04,Extended next generation methodology,4,10.23,40.92
20023,11060,2024-03-12,Open-architected secondary leverage,8,67.42,539.36
20024,11021,2024-02-28,Progressive 3rdgeneration matrix,7,56.37,394.59
20025,11033,2025-03-05,Vision-oriented stable Graphical User Interface,9,63.42,570.78
20026,11076,2024-10-05,Visionary bi-directional concept,7,81.44,570.0799999999999
20027,11058,2023-10-28,Innovative bifurcated monitoring,3,68.19,204.57
20028,11022,2024-09-22,Robust scalable forecast,3,25.73,77.19
20029,11089,2023-12-16,Mandatory client-server challenge,8,42.47,339.76
20030,11049,2024-06-28,User-friendly optimizing frame,5,91.53,457.65
20031,11091,2025-01-29,Extended foreground ability,4,79.3,317.2
20032,11059,2023-12-19,Balanced interactive open system,8,60.1,480.8
20033,11042,2024-07-11,Robust clear-thinking functionalities,6,33.01,198.06
20034,11092,2023-07-28,Synergized object-oriented service-desk,2,37.19,74.38
20035,11060,2024-04-24,Universal local moderator,4,75.88,303.52
20036,11080,2024-12-08,Profit-focused asymmetric projection,4,86.61,346.44
20037,11015,2025-03-16,Streamlined responsive orchestration,6,70.43,422.58000000000004
20038,11062,2024-08-15,Down-sized bottom-line pricing structure,6,82.86,497.15999999999997
20039,11062,2023-05-20,Ameliorated intermediate portal,1,79.0,79.0
20040,11047,2023-09-10,Multi-lateral executive hardware,8,23.47,187.76
20041,11062,2023-12-15,Versatile contextually-based help-desk,6,48.16,288.96
20042,11051,2024-12-04,Distributed methodical process improvement,3,23.77,71.31
20043,11055,2024-12-02,Ameliorated discrete project,9,31.17,280.53000000000003
20044,11064,2023-09-04,Team-oriented foreground complexity,2,88.23,176.46
20045,11003,2024-10-17,Realigned next generation data-warehouse,8,52.56,420.48
20046,11051,2023-05-14,Re-contextualized 5thgeneration synergy,3,58.18,174.54
20047,11007,2024-02-11,Organic 3rdgeneration neural-net,5,26.06,130.29999999999998
20048,11021,2023-08-14,Organic tangible synergy,6,38.1,228.60000000000002
20049,11073,2024-11-07,Cloned static Local Area Network,6,30.72,184.32
20050,11039,2025-01-11,Object-based tangible strategy,4,28.56,114.24
20051,11018,2025-05-05,Organized intermediate budgetary management,3,67.42,202.26
20052,11004,2024-03-09,Programmable fresh-thinking algorithm,4,33.12,132.48
20053,11089,2024-07-17,Balanced human-resource application,1,66.88,66.88
20054,11060,2025-01-17,Open-architected global utilization,4,15.26,61.04
20055,11014,2023-12-01,Fully-configurable high-level forecast,1,22.76,22.76
20056,11009,2023-10-28,Secured actuating access,1,34.71,34.71
20057,11090,2024-03-23,Programmable dedicated synergy,6,63.73,382.38
20058,11053,2023-11-07,Adaptive non-volatile complexity,5,70.83,354.15
20059,11002,2024-12-16,Down-sized holistic Graphic Interface,4,49.84,199.36
20060,11084,2025-04-03,Streamlined non-volatile projection,3,50.12,150.35999999999999
20061,11092,2023-08-10,Versatile analyzing pricing structure,1,75.21,75.21
20062,11060,2024-09-23,Ergonomic empowering database,6,11.42,68.52
20063,11071,2025-03-11,Seamless client-server implementation,2,40.7,81.4
20064,11044,2023-07-25,Synergistic static task-force,8,83.68,669.44
20065,11008,2024-02-19,Profound fresh-thinking attitude,5,64.29,321.45000000000005
20066,11047,2023-05-20,Mandatory neutral contingency,7,40.35,282.45
20067,11035,2024-12-27,Assimilated bi-directional intranet,2,91.5,183.0
20068,11078,2024-12-10,Open-architected content-based approach,8,79.54,636.32
20069,11081,2024-08-01,Inverse directional array,2,33.84,67.68
20070,11036,2023-08-22,Customer-focused optimizing contingency,4,68.08,272.32
20071,11050,2023-06-30,Devolved systematic groupware,1,63.62,63.62
20072,11004,2024-08-13,Stand-alone responsive Graphical User Interface,5,46.11,230.55
20073,11002,2024-04-04,Switchable holistic architecture,9,43.03,387.27
20074,11006,2024-05-08,Optional system-worthy contingency,1,40.92,40.92
20075,11054,2025-03-21,Customer-focused leadingedge forecast,9,65.54,589.86
20076,11004,2023-05-12,Vision-oriented analyzing concept,8,49.82,398.56
20077,11054,2024-09-07,Configurable multi-state customer loyalty,6,84.87,509.22
20078,11093,2024-02-11,Object-based stable task-force,7,70.26,491.82000000000005
20079,11063,2025-02-09,Enhanced intangible hierarchy,3,16.29,48.87
20080,11018,2024-11-13,Proactive background implementation,1,67.62,67.62
20081,11090,2025-05-05,Fundamental background system engine,5,34.4,172.0
20082,11044,2024-04-23,Reactive human-resource capability,2,63.35,126.7
20083,11034,2024-04-24,Fundamental maximized synergy,5,71.21,356.04999999999995
20084,11074,2024-03-16,Open-source encompassing protocol,8,30.77,246.16
20085,11062,2024-10-28,Horizontal tangible focus group,9,51.12,460.08
20086,11100,2024-05-11,Optimized fault-tolerant hardware,2,27.13,54.26
20087,11014,2024-07-21,Enterprise-wide discrete encryption,3,14.71,44.13
20088,11095,2025-04-15,Streamlined regional throughput,3,44.06,132.18
20089,11048,2023-07-03,Enhanced needs-based installation,1,42.66,42.66
20090,11015,2024-10-12,Open-source zero administration frame,8,99.59,796.72
20091,11072,2023-06-16,Compatible national info-mediaries,6,50.17,301.02
20092,11078,2024-09-16,Enhanced upward-trending service-desk,8,40.02,320.16
20093,11087,2023-06-03,Multi-tiered bifurcated infrastructure,9,62.24,560.16
20094,11062,2024-02-01,Focused even-keeled matrices,5,17.99,89.94999999999999
20095,11040,2024-09-09,Multi-layered client-driven model,3,96.55,289.65
20096,11085,2025-05-03,Innovative object-oriented software,5,67.15,335.75
20097,11080,2024-01-28,Adaptive methodical time-frame,5,77.94,389.7
20098,11082,2024-09-04,Digitized zero administration projection,5,25.34,126.7
20099,11053,2023-08-27,Horizontal transitional moratorium,3,46.85,140.55
20100,11024,2025-05-03,Extended zero tolerance website,4,48.04,192.16
20101,11026,2024-09-20,Diverse directional capacity,9,83.96,755.64
20102,11089,2025-03-19,Team-oriented object-oriented capability,9,10.11,90.99
20103,11060,2024-05-09,Reduced intangible Internet solution,2,37.08,74.16
20104,11041,2024-06-14,Cross-platform grid-enabled analyzer,8,98.31,786.48
20105,11029,2025-02-19,Adaptive bi-directional hierarchy,8,52.74,421.92
20106,11015,2025-03-29,Sharable client-server conglomeration,7,44.43,311.01
20107,11045,2023-09-19,Multi-layered solution-oriented adapter,8,20.78,166.24
20108,11065,2023-05-24,Programmable scalable structure,3,97.67,293.01
20109,11089,2023-11-18,Focused web-enabled data-warehouse,6,11.8,70.80000000000001
20110,11071,2024-03-31,De-engineered grid-enabled conglomeration,1,76.35,76.35
20111,11009,2023-05-21,Distributed 4thgeneration attitude,7,79.17,554.19
20112,11088,2025-01-03,Mandatory zero administration protocol,1,31.93,31.93
20113,11001,2024-08-12,Stand-alone high-level instruction set,9,70.44,633.96
20114,11008,2023-09-07,Networked eco-centric complexity,1,18.36,18.36
20115,11088,2023-08-07,Optional high-level matrix,1,33.13,33.13
20116,11063,2024-12-31,Switchable actuating Graphic Interface,7,80.91,566.37
20117,11011,2023-08-23,Focused eco-centric paradigm,2,87.82,175.64
20118,11081,2024-03-11,De-engineered directional application,5,64.76,323.8
20119,11008,2024-09-26,Adaptive bifurcated standardization,8,55.62,444.96
20120,11035,2025-02-27,Open-source object-oriented monitoring,8,24.34,194.72
20121,11035,2024-05-19,Expanded maximized open architecture,3,15.68,47.04
20122,11033,2024-05-25,Public-key composite support,7,20.59,144.13
20123,11005,2024-07-15,Compatible 24hour solution,3,30.46,91.38
20124,11041,2024-06-11,Right-sized global secured line,6,40.75,244.5
20125,11028,2025-01-19,Pre-emptive heuristic help-desk,6,44.28,265.68
20126,11007,2023-05-30,Future-proofed intangible secured line,3,41.17,123.51
20127,11073,2024-12-09,Secured real-time product,7,31.51,220.57000000000002
20128,11072,2025-03-20,Managed dedicated portal,3,55.88,167.64000000000001
20129,11012,2024-06-19,Versatile mobile monitoring,8,84.28,674.24
20130,11034,2023-12-30,Extended scalable forecast,4,35.17,140.68
20131,11033,2023-07-07,Programmable non-volatile task-force,1,94.81,94.81
20132,11048,2024-02-21,Advanced local project,4,88.6,354.4
20133,11023,2024-01-09,Mandatory 6thgeneration superstructure,7,24.56,171.92
20134,11062,2023-11-10,Business-focused heuristic moderator,4,80.76,323.04
20135,11088,2023-11-28,Innovative leadingedge productivity,6,61.71,370.26
20136,11037,2023-10-14,Cross-group 4thgeneration attitude,9,60.99,548.91
20137,11099,2024-02-29,Team-oriented fresh-thinking moratorium,1,45.19,45.19
20138,11044,2024-05-30,Total background budgetary management,5,55.1,275.5
20139,11086,2023-08-02,Open-architected responsive projection,7,45.75,320.25
20140,11091,2024-03-03,Ergonomic scalable capacity,1,58.58,58.58
20141,11035,2025-04-14,Inverse systemic time-frame,4,66.52,266.08
20142,11065,2024-06-12,Stand-alone solution-oriented approach,6,70.69,424.14
20143,11099,2023-12-11,Re-engineered explicit task-force,2,57.92,115.84
20144,11047,2023-08-16,Synchronized incremental Internet solution,5,74.93,374.65000000000003
20145,11078,2025-03-05,Integrated systemic collaboration,1,22.72,22.72
20146,11003,2023-08-20,Down-sized full-range time-frame,6,29.08,174.48
20147,11001,2023-06-18,Exclusive solution-oriented function,6,83.69,502.14
20148,11005,2024-06-30,Exclusive system-worthy parallelism,4,39.03,156.12
20149,11090,2023-12-17,User-centric heuristic core,8,12.06,96.48
20150,11014,2023-08-25,Multi-channeled mobile model,4,23.84,95.36
20151,11027,2025-04-23,Configurable client-driven database,8,30.13,241.04
20152,11009,2024-12-17,Multi-channeled systematic Internet solution,8,96.16,769.28
20153,11079,2024-01-29,Centralized attitude-oriented matrix,5,61.57,307.85
20154,11015,2024-12-19,Automated client-driven process improvement,4,93.95,375.8
20155,11090,2023-08-08,Reverse-engineered user-facing time-frame,2,61.76,123.52
20156,11042,2024-10-31,Triple-buffered intermediate complexity,3,53.14,159.42000000000002
20157,11077,2024-04-29,Phased zero administration interface,3,38.24,114.72
20158,11051,2024-01-02,Cloned composite standardization,4,64.57,258.28
20159,11063,2023-12-07,Versatile asynchronous productivity,4,22.53,90.12
20160,11096,2024-10-01,Reactive impactful migration,5,90.84,454.20000000000005
20161,11052,2025-02-24,Visionary mission-critical encryption,4,84.64,338.56
20162,11096,2023-06-16,Diverse bifurcated orchestration,8,38.58,308.64
20163,11004,2024-05-30,Triple-buffered content-based open system,6,95.75,574.5
20164,11094,2024-06-07,Switchable optimal superstructure,6,84.27,505.62
20165,11023,2025-05-11,Triple-buffered incremental solution,8,69.97,559.76
20166,11015,2024-02-17,Re-engineered clear-thinking pricing structure,7,20.96,146.72
20167,11043,2025-03-28,Multi-layered methodical ability,8,53.04,424.32
20168,11029,2025-02-04,Multi-lateral even-keeled core,2,55.55,111.1
20169,11036,2024-05-07,Progressive scalable system engine,9,30.93,278.37
20170,11013,2024-12-21,Programmable context-sensitive challenge,1,17.2,17.2
20171,11032,2024-09-30,Balanced stable secured line,8,79.91,639.28
20172,11071,2025-03-29,Automated tertiary product,4,20.98,83.92
20173,11059,2024-04-03,Fundamental responsive moratorium,4,63.49,253.96
20174,11086,2023-07-10,Re-engineered even-keeled support,5,94.28,471.4
20175,11028,2024-02-15,Secured 5thgeneration software,8,88.85,710.8
20176,11066,2024-07-13,Expanded discrete monitoring,5,35.0,175.0
20177,11042,2024-04-24,Horizontal optimizing intranet,8,86.63,693.04
20178,11045,2023-12-20,Monitored user-facing challenge,1,10.03,10.03
20179,11062,2024-03-10,Upgradable national leverage,9,11.59,104.31
20180,11057,2023-12-06,Managed 5thgeneration data-warehouse,6,64.23,385.38
20181,11006,2025-03-07,Focused asymmetric solution,3,42.83,128.49
20182,11028,2024-06-02,Stand-alone tertiary moratorium,8,44.78,358.24
20183,11028,2023-05-27,Implemented encompassing website,9,60.8,547.1999999999999
20184,11044,2024-10-07,Multi-lateral encompassing monitoring,6,27.26,163.56
20185,11084,2024-08-23,Reactive static superstructure,7,29.06,203.42
20186,11030,2024-01-14,Inverse client-driven product,1,53.61,53.61
20187,11062,2024-03-23,Fully-configurable fresh-thinking success,5,77.88,389.4
20188,11075,2023-09-30,Reduced multi-state time-frame,5,65.75,328.75
20189,11092,2024-04-08,Monitored bifurcated parallelism,4,36.76,147.04
20190,11089,2024-12-04,Expanded incremental capability,6,48.73,292.38
20191,11062,2024-04-07,Intuitive logistical challenge,7,25.36,177.51999999999998
20192,11097,2025-05-01,Devolved context-sensitive matrices,9,16.72,150.48
20193,11001,2023-09-22,Profit-focused regional matrices,1,80.44,80.44
20194,11027,2023-07-16,Optimized actuating initiative,6,33.88,203.28000000000003
20195,11062,2024-06-24,Optimized intangible collaboration,7,26.0,182.0
20196,11077,2024-09-26,Networked non-volatile project,3,72.25,216.75
20197,11003,2023-08-12,Adaptive next generation data-warehouse,8,65.62,524.96
20198,11070,2024-10-01,Distributed transitional toolset,5,66.99,334.95
20199,11072,2024-05-28,Proactive homogeneous focus group,9,30.6,275.40000000000003
20200,11027,2025-02-19,Self-enabling optimizing array,5,30.94,154.70000000000002
20201,11009,2023-12-28,Reverse-engineered next generation moratorium,9,29.87,268.83
20202,11062,2023-08-03,Integrated object-oriented core,4,25.64,102.56
20203,11037,2023-10-22,Synergized discrete success,9,69.02,621.18
20204,11097,2024-06-18,Integrated eco-centric Graphic Interface,5,86.32,431.59999999999997
20205,11051,2024-03-12,Team-oriented web-enabled conglomeration,9,75.19,676.71
20206,11044,2025-03-10,Secured intermediate customer loyalty,3,81.29,243.87
20207,11024,2024-03-19,Cloned bottom-line support,4,46.43,185.72
20208,11079,2024-04-21,Down-sized radical concept,9,68.87,619.83
20209,11059,2024-06-14,Object-based mission-critical function,6,41.88,251.28000000000003
20210,11032,2024-12-14,Universal modular array,2,57.3,114.6
20211,11096,2023-11-04,Face-to-face directional productivity,7,53.35,373.45
20212,11088,2025-02-13,Enhanced context-sensitive archive,2,25.92,51.84
20213,11052,2025-01-09,Cloned system-worthy encoding,2,44.84,89.68
20214,11062,2025-02-01,Enterprise-wide hybrid Local Area Network,1,96.74,96.74
20215,11058,2024-08-10,Monitored 24hour alliance,3,32.37,97.10999999999999
20216,11052,2024-02-12,Synchronized optimal groupware,6,22.04,132.24
20217,11012,2024-02-03,Phased clear-thinking hierarchy,8,47.67,381.36
20218,11039,2024-11-02,Expanded motivating flexibility,9,81.13,730.17
20219,11002,2025-01-18,Switchable hybrid orchestration,7,62.39,436.73
20220,11003,2024-05-08,De-engineered impactful contingency,4,71.29,285.16
20221,11056,2023-10-04,Centralized local project,6,27.07,162.42000000000002
20222,11081,2024-04-07,Synergized web-enabled complexity,5,65.71,328.54999999999995
20223,11059,2024-03-26,Fundamental grid-enabled capability,8,39.12,312.96
20224,11002,2024-01-28,User-friendly modular policy,1,85.09,85.09
20225,11002,2024-03-21,Intuitive eco-centric challenge,1,66.64,66.64
20226,11092,2024-05-09,Organic real-time support,6,27.9,167.39999999999998
20227,11054,2025-03-08,Stand-alone modular attitude,2,15.82,31.64
20228,11087,2024-12-16,Function-based zero tolerance middleware,5,13.84,69.2
20229,11096,2024-08-18,Virtual fault-tolerant moratorium,1,43.43,43.43
20230,11097,2025-02-05,Object-based optimal monitoring,7,33.93,237.51
20231,11001,2023-12-18,Proactive actuating customer loyalty,1,68.15,68.15
20232,11019,2024-10-13,Optimized composite projection,4,54.94,219.76
20233,11002,2024-02-06,Open-source system-worthy monitoring,9,33.94,305.46
20234,11053,2025-01-26,Profound web-enabled portal,1,23.43,23.43
20235,11044,2024-11-03,Quality-focused high-level knowledge user,4,21.45,85.8
20236,11090,2024-04-11,Cross-group bandwidth-monitored customer loyalty,6,87.82,526.92
20237,11032,2024-11-15,Synergized uniform Internet solution,6,31.91,191.46
20238,11070,2025-04-03,Versatile 24/7 architecture,8,68.65,549.2
20239,11032,2023-07-24,De-engineered upward-trending focus group,1,82.96,82.96
20240,11068,2024-02-19,Total heuristic software,7,65.27,456.89
20241,11055,2024-11-15,Self-enabling client-driven open architecture,1,87.36,87.36
20242,11075,2023-06-30,Mandatory explicit policy,7,45.32,317.24
20243,11056,2023-10-17,Quality-focused 24hour migration,3,96.06,288.18
20244,11017,2023-11-20,Up-sized user-facing function,8,21.98,175.84
20245,11038,2023-07-04,Cloned demand-driven success,3,19.19,57.57000000000001
20246,11024,2024-08-09,Implemented fresh-thinking open architecture,1,69.28,69.28
20247,11069,2024-12-01,Sharable bifurcated task-force,8,94.85,758.8
20248,11098,2024-11-23,Networked zero tolerance ability,3,82.8,248.39999999999998
20249,11070,2023-08-17,Focused 24/7 neural-net,2,16.88,33.76
20250,11086,2025-02-08,Virtual attitude-oriented process improvement,1,35.14,35.14
20251,11011,2023-07-09,Synergized mobile benchmark,3,93.73,281.19
20252,11016,2023-09-10,Fully-configurable systemic approach,2,32.78,65.56
20253,11097,2025-02-10,Business-focused grid-enabled capacity,2,80.31,160.62
20254,11073,2023-07-06,Business-focused global ability,6,84.26,505.56000000000006
20255,11059,2024-12-17,Managed responsive ability,1,54.59,54.59
20256,11070,2023-12-03,Configurable even-keeled capability,2,44.77,89.54
20257,11080,2023-06-05,Right-sized systematic service-desk,6,50.51,303.06
20258,11093,2024-07-29,Multi-tiered incremental algorithm,3,30.43,91.28999999999999
20259,11003,2024-11-23,Open-architected asynchronous strategy,4,90.05,360.2
20260,11020,2023-11-10,Streamlined logistical data-warehouse,1,50.56,50.56
20261,11059,2024-12-09,User-centric didactic throughput,8,89.42,715.36
20262,11036,2025-02-07,Versatile upward-trending architecture,7,19.51,136.57000000000002
20263,11019,2023-05-16,Stand-alone encompassing project,7,98.94,692.5799999999999
20264,11090,2023-07-26,Secured demand-driven encoding,3,49.89,149.67000000000002
20265,11067,2025-04-25,Versatile interactive ability,3,14.3,42.900000000000006
20266,11019,2024-05-06,Distributed intangible architecture,2,13.42,26.84
20267,11020,2024-11-18,Public-key attitude-oriented frame,1,77.16,77.16
20268,11096,2023-12-28,Versatile national matrices,7,69.31,485.17
20269,11071,2025-05-03,Upgradable secondary support,7,82.19,575.3299999999999
20270,11052,2024-08-18,Robust secondary service-desk,2,19.48,38.96
20271,11033,2024-05-26,Mandatory actuating strategy,7,13.2,92.39999999999999
20272,11040,2023-09-30,Networked systemic capacity,8,55.77,446.16
20273,11039,2023-09-10,Intuitive tangible hardware,1,44.88,44.88
20274,11082,2024-10-20,Vision-oriented context-sensitive neural-net,9,51.58,464.21999999999997
20275,11001,2023-06-19,Secured intangible system engine,7,99.24,694.68
20276,11011,2024-11-15,Ergonomic background architecture,3,97.37,292.11
20277,11092,2025-03-15,Horizontal 24/7 leverage,8,94.81,758.48
20278,11057,2023-11-28,Monitored intangible customer loyalty,7,80.55,563.85
20279,11089,2024-12-02,Face-to-face disintermediate algorithm,8,41.94,335.52
20280,11050,2025-03-29,Compatible fault-tolerant approach,6,47.09,282.54
20281,11023,2024-05-22,Sharable motivating structure,9,59.47,535.23
20282,11031,2025-01-08,Profound background structure,5,84.75,423.75
20283,11094,2024-11-21,Organized value-added capability,3,16.18,48.54
20284,11042,2024-02-28,Persevering asynchronous ability,3,48.19,144.57
20285,11099,2025-01-14,Compatible multi-tasking time-frame,1,17.44,17.44
20286,11007,2024-01-30,Decentralized background concept,8,56.32,450.56
20287,11016,2024-05-10,Operative multi-tasking core,2,90.9,181.8
20288,11090,2024-01-21,Polarized upward-trending synergy,3,80.42,241.26
20289,11060,2024-10-18,Advanced homogeneous orchestration,8,30.51,244.08
20290,11002,2023-07-31,Enhanced cohesive challenge,8,97.84,782.72
20291,11001,2023-07-28,Synergistic analyzing moderator,4,70.06,280.24
20292,11048,2024-11-18,Diverse multimedia array,4,10.94,43.76
20293,11012,2024-05-29,Exclusive discrete application,5,32.99,164.95000000000002
20294,11069,2023-09-18,Digitized systematic middleware,6,33.46,200.76
20295,11037,2025-04-09,Automated responsive product,5,16.23,81.15
20296,11032,2024-07-03,Front-line eco-centric system engine,7,96.38,674.66
20297,11009,2024-06-25,Ergonomic background hub,2,53.04,106.08
20298,11099,2024-12-09,Multi-lateral next generation flexibility,7,90.62,634.34
20299,11019,2023-12-29,Multi-lateral stable implementation,7,39.0,273.0
20300,11048,2024-11-09,Vision-oriented attitude-oriented access,1,21.27,21.27
20301,11080,2024-04-08,Synchronized cohesive migration,7,52.69,368.83
20302,11003,2024-01-28,Configurable multimedia superstructure,5,20.26,101.30000000000001
20303,11020,2024-01-06,Phased homogeneous adapter,3,53.74,161.22
20304,11024,2025-04-28,Optional mobile projection,3,92.83,278.49
20305,11054,2025-05-03,Reverse-engineered user-facing instruction set,4,56.87,227.48
20306,11033,2023-09-27,Robust heuristic throughput,2,65.48,130.96
20307,11024,2023-09-26,Horizontal directional flexibility,2,24.1,48.2
20308,11075,2025-01-10,Robust system-worthy software,1,13.94,13.94
20309,11072,2025-01-04,Down-sized 6thgeneration open system,5,19.97,99.85
20310,11036,2023-10-16,Total directional moderator,4,63.87,255.48
20311,11038,2023-08-05,Re-engineered even-keeled hierarchy,2,18.55,37.1
20312,11084,2023-12-29,Managed mobile website,3,43.84,131.52
20313,11099,2024-11-03,Streamlined secondary toolset,7,59.51,416.57
20314,11089,2024-09-10,Implemented reciprocal matrices,7,44.98,314.85999999999996
20315,11099,2023-09-22,Centralized contextually-based customer loyalty,4,24.73,98.92
20316,11025,2024-02-18,Enterprise-wide intangible Local Area Network,5,34.64,173.2
20317,11093,2023-06-20,Function-based motivating instruction set,5,93.55,467.75
20318,11018,2024-06-18,Operative reciprocal function,6,70.84,425.04
20319,11082,2023-10-07,Digitized coherent paradigm,9,54.64,491.76
20320,11066,2024-07-17,Decentralized coherent array,2,11.14,22.28
20321,11054,2023-05-24,Triple-buffered multi-tasking superstructure,5,99.32,496.59999999999997
20322,11035,2023-09-29,Synergized executive extranet,3,70.43,211.29000000000002
20323,11080,2023-12-31,Object-based discrete policy,4,38.52,154.08
20324,11061,2024-10-14,Total coherent hub,6,89.13,534.78
20325,11041,2024-08-31,Balanced bandwidth-monitored benchmark,8,33.26,266.08
20326,11100,2023-06-24,Reduced 5thgeneration structure,1,58.96,58.96
20327,11033,2024-12-31,Vision-oriented neutral circuit,8,67.25,538.0
20328,11068,2023-06-02,Inverse object-oriented application,7,29.9,209.29999999999998
20329,11033,2024-03-23,Compatible dynamic secured line,1,98.06,98.06
20330,11014,2023-08-02,Organized bi-directional implementation,2,77.34,154.68
20331,11021,2023-06-22,Ameliorated system-worthy hierarchy,3,60.2,180.60000000000002
20332,11048,2024-09-05,Exclusive contextually-based archive,1,26.25,26.25
20333,11020,2024-06-10,Open-architected even-keeled framework,9,14.85,133.65
20334,11008,2023-09-09,Mandatory non-volatile data-warehouse,8,38.81,310.48
20335,11007,2024-01-06,Robust contextually-based synergy,2,77.79,155.58
20336,11067,2024-05-14,Synergized value-added intranet,9,34.24,308.16
20337,11017,2024-11-20,Proactive optimizing capacity,7,58.56,409.92
20338,11033,2024-08-17,Switchable tertiary forecast,9,75.52,679.68
20339,11048,2024-04-23,Configurable regional superstructure,6,19.71,118.26
20340,11076,2025-04-28,Future-proofed multi-state alliance,6,71.68,430.08000000000004
20341,11059,2023-07-05,Face-to-face non-volatile conglomeration,4,18.27,73.08
20342,11086,2023-09-10,Automated exuding benchmark,2,96.86,193.72
20343,11022,2023-11-04,Devolved foreground matrix,7,53.96,377.72
20344,11030,2024-04-23,Quality-focused real-time strategy,5,23.56,117.8
20345,11038,2024-02-12,Visionary cohesive open architecture,6,40.81,244.86
20346,11051,2024-11-09,User-friendly upward-trending process improvement,2,47.21,94.42
20347,11054,2024-07-29,Customizable local extranet,5,78.24,391.2
20348,11008,2023-09-26,Compatible interactive emulation,4,76.91,307.64
20349,11027,2023-12-07,Front-line zero administration initiative,9,65.07,585.6299999999999
20350,11027,2023-12-09,Proactive logistical customer loyalty,6,19.53,117.18
20351,11098,2024-01-14,Versatile bi-directional policy,2,23.64,47.28
20352,11021,2024-07-12,Down-sized demand-driven project,1,18.44,18.44
20353,11030,2023-10-08,Networked background Graphic Interface,5,61.95,309.75
20354,11097,2024-01-27,Persevering scalable time-frame,9,88.94,800.46
20355,11028,2024-07-07,Enterprise-wide multi-state secured line,6,49.04,294.24
20356,11064,2024-08-23,Centralized radical complexity,7,24.48,171.36
20357,11097,2024-11-29,Total tertiary interface,5,60.22,301.1
20358,11069,2024-12-19,Optimized incremental application,6,83.06,498.36
20359,11061,2024-08-27,Open-architected scalable process improvement,5,76.75,383.75
20360,11048,2023-08-15,Visionary client-driven groupware,9,89.33,803.97
20361,11019,2023-07-26,Enhanced contextually-based open system,6,35.01,210.06
20362,11004,2023-09-04,Multi-layered coherent portal,8,27.46,219.68
20363,11035,2024-07-01,Realigned scalable matrices,2,89.18,178.36
20364,11064,2024-04-05,Secured zero-defect middleware,9,69.18,622.6200000000001
20365,11049,2023-11-28,Team-oriented discrete website,5,37.98,189.89999999999998
20366,11017,2025-01-14,Operative zero administration hierarchy,7,76.81,537.6700000000001
20367,11044,2025-01-17,Ameliorated bandwidth-monitored encoding,1,83.36,83.36
20368,11092,2025-03-09,Switchable stable budgetary management,5,65.35,326.75
20369,11030,2024-05-05,Monitored dedicated software,2,71.91,143.82
20370,11093,2025-01-22,Cross-group multimedia task-force,6,43.77,262.62
20371,11046,2025-03-14,Advanced attitude-oriented portal,1,58.48,58.48
20372,11006,2023-07-24,Synergistic multi-tasking pricing structure,3,57.17,171.51
20373,11099,2024-10-13,User-centric leadingedge function,5,86.32,431.59999999999997
20374,11037,2023-11-16,Reverse-engineered well-modulated circuit,4,85.6,342.4
20375,11024,2025-04-28,Synergistic intangible pricing structure,3,84.94,254.82
20376,11093,2024-08-03,Organized logistical interface,5,10.99,54.95
20377,11046,2024-03-31,Focused multi-state definition,8,77.46,619.68
20378,11053,2025-04-07,Enhanced 24hour customer loyalty,4,78.28,313.12
20379,11095,2025-05-07,Secured impactful product,1,71.05,71.05
20380,11099,2025-04-25,Expanded static portal,7,78.06,546.4200000000001
20381,11060,2023-09-30,Monitored fresh-thinking complexity,8,85.78,686.24
20382,11097,2024-10-12,Streamlined dynamic throughput,3,52.33,156.99
20383,11063,2025-02-28,Ameliorated incremental alliance,6,55.18,331.08
20384,11085,2024-04-17,Compatible foreground encryption,2,21.22,42.44
20385,11032,2024-05-16,Enhanced zero-defect framework,7,44.68,312.76
20386,11087,2025-01-15,Team-oriented scalable infrastructure,8,67.9,543.2
20387,11033,2024-11-14,Persevering responsive complexity,6,80.24,481.43999999999994
20388,11067,2025-02-27,Devolved maximized budgetary management,6,29.55,177.3
20389,11018,2024-11-11,Customer-focused scalable architecture,5,22.4,112.0
20390,11025,2024-07-08,Operative multi-state installation,8,69.67,557.36
20391,11095,2024-08-13,Organic reciprocal benchmark,1,10.17,10.17
20392,11054,2024-02-11,Right-sized context-sensitive interface,4,26.05,104.2
20393,11058,2024-04-18,Business-focused directional structure,4,12.62,50.48
20394,11067,2025-04-26,Advanced systematic focus group,3,25.02,75.06
20395,11046,2023-09-23,Open-architected dynamic standardization,3,26.32,78.96000000000001
20396,11024,2023-12-19,Programmable regional leverage,4,44.89,179.56
20397,11032,2024-09-04,Assimilated client-driven complexity,1,46.21,46.21
20398,11047,2024-07-17,Customer-focused executive matrices,2,88.68,177.36
20399,11086,2023-06-25,Pre-emptive attitude-oriented Graphical User Interface,9,55.91,503.18999999999994
20400,11023,2025-01-09,Right-sized regional definition,2,75.11,150.22
20401,11066,2025-01-11,Ergonomic interactive array,5,19.37,96.85000000000001
20402,11027,2023-12-06,Customizable dynamic architecture,9,30.29,272.61
20403,11002,2023-11-16,Multi-channeled non-volatile productivity,9,73.26,659.34
20404,11090,2024-04-23,Managed asynchronous workforce,8,14.75,118.0
20405,11017,2024-12-22,Ameliorated high-level forecast,1,53.79,53.79
20406,11033,2025-01-09,Persistent motivating knowledgebase,1,63.94,63.94
20407,11009,2023-10-14,Down-sized national implementation,9,64.19,577.71
20408,11043,2024-09-10,Multi-lateral zero administration leverage,8,12.06,96.48
20409,11048,2024-04-01,Balanced encompassing array,9,38.99,350.91
20410,11039,2023-10-27,Profit-focused real-time array,7,67.28,470.96000000000004
20411,11093,2023-12-04,Multi-tiered 4thgeneration initiative,3,23.41,70.23
20412,11042,2024-10-31,Multi-channeled global utilization,3,72.59,217.77
20413,11026,2025-03-02,Customizable mission-critical encoding,2,77.13,154.26
20414,11099,2025-03-06,Centralized explicit Local Area Network,5,98.38,491.9
20415,11050,2023-06-15,Multi-tiered exuding product,3,28.89,86.67
20416,11025,2023-12-19,Polarized asymmetric superstructure,6,84.26,505.56000000000006
20417,11024,2025-02-12,Re-engineered cohesive product,2,56.83,113.66
20418,11013,2024-12-21,Extended systematic methodology,3,43.61,130.82999999999998
20419,11060,2023-08-20,Re-engineered interactive intranet,5,21.01,105.05000000000001
20420,11007,2024-03-25,Proactive didactic function,1,76.2,76.2
20421,11057,2024-04-11,Innovative actuating initiative,1,31.23,31.23
20422,11036,2024-10-06,Quality-focused tangible support,9,43.43,390.87
20423,11045,2024-08-12,Centralized optimizing groupware,7,15.63,109.41000000000001
20424,11020,2025-03-15,Customer-focused 24hour matrix,1,82.12,82.12
20425,11065,2024-07-26,Seamless full-range workforce,8,78.99,631.92
20426,11008,2023-12-18,Pre-emptive cohesive workforce,3,76.03,228.09
20427,11016,2024-01-16,Focused next generation Graphical User Interface,8,36.95,295.6
20428,11014,2024-01-09,Self-enabling client-driven circuit,5,25.61,128.05
20429,11076,2024-12-06,Monitored non-volatile Internet solution,1,67.38,67.38
20430,11087,2025-02-20,Ergonomic tertiary process improvement,7,54.65,382.55
20431,11015,2024-10-21,Synchronized bandwidth-monitored matrix,5,26.04,130.2
20432,11092,2024-10-18,Customer-focused homogeneous workforce,6,71.73,430.38
20433,11098,2023-05-15,Devolved coherent methodology,6,99.2,595.2
20434,11066,2025-05-05,Secured demand-driven orchestration,8,77.25,618.0
20435,11032,2024-01-23,Reduced eco-centric standardization,9,76.6,689.4
20436,11087,2023-05-30,Secured stable implementation,2,95.53,191.06
20437,11063,2024-11-23,User-friendly local infrastructure,9,28.26,254.34
20438,11086,2023-06-25,Profound reciprocal collaboration,9,60.9,548.1
20439,11051,2025-02-25,Robust asynchronous middleware,7,98.17,687.19
20440,11025,2023-07-09,Adaptive content-based infrastructure,1,24.88,24.88
20441,11058,2024-09-12,Compatible systemic neural-net,7,73.02,511.14
20442,11063,2023-12-03,Front-line value-added extranet,5,62.72,313.6
20443,11062,2024-05-19,Cross-platform homogeneous info-mediaries,6,62.78,376.68
20444,11022,2024-12-11,Optimized maximized info-mediaries,7,72.79,509.53000000000003
20445,11058,2023-06-15,Synergistic coherent challenge,5,93.67,468.35
20446,11058,2025-04-03,User-friendly intermediate workforce,7,80.43,563.01
20447,11086,2023-10-28,Multi-lateral optimal definition,9,15.05,135.45000000000002
20448,11049,2024-04-03,Reverse-engineered human-resource contingency,3,86.75,260.25
20449,11052,2025-01-11,Fully-configurable dedicated neural-net,8,30.3,242.4
20450,11042,2024-01-31,Multi-tiered 5thgeneration info-mediaries,2,43.92,87.84
20451,11070,2024-08-25,Exclusive high-level adapter,7,51.56,360.92
20452,11015,2024-01-27,Adaptive holistic circuit,2,53.28,106.56
20453,11054,2024-12-20,Networked stable algorithm,4,49.17,196.68
20454,11060,2024-09-17,Mandatory executive standardization,7,94.36,660.52
20455,11097,2023-10-05,Digitized content-based orchestration,3,73.54,220.62
20456,11008,2025-05-01,Cloned fresh-thinking monitoring,2,66.81,133.62
20457,11053,2024-08-01,Vision-oriented local archive,7,14.49,101.43
20458,11060,2023-09-19,Managed web-enabled contingency,1,91.35,91.35
20459,11005,2024-09-01,Versatile logistical system engine,8,91.85,734.8
20460,11068,2024-06-29,Customizable 24/7 throughput,3,80.22,240.66
20461,11006,2024-11-01,Stand-alone stable initiative,2,10.63,21.26
20462,11096,2025-02-05,Inverse foreground methodology,3,15.16,45.480000000000004
20463,11094,2024-06-05,Reduced responsive artificial intelligence,5,30.27,151.35
20464,11047,2023-12-29,Devolved coherent orchestration,8,21.82,174.56
20465,11099,2024-04-29,Integrated system-worthy contingency,7,45.9,321.3
20466,11055,2024-09-04,Synergized cohesive installation,7,93.04,651.2800000000001
20467,11040,2025-04-03,Robust client-server workforce,7,52.49,367.43
20468,11052,2024-10-04,Switchable analyzing circuit,8,11.21,89.68
20469,11016,2023-08-09,User-centric multi-state architecture,1,35.45,35.45
20470,11013,2024-10-31,Quality-focused heuristic application,4,14.01,56.04
20471,11030,2024-03-20,Programmable heuristic knowledgebase,6,13.27,79.62
20472,11019,2024-01-04,Multi-lateral bi-directional hardware,9,34.81,313.29
20473,11017,2024-02-18,Programmable national budgetary management,2,34.81,69.62
20474,11063,2024-01-23,Realigned bandwidth-monitored Graphic Interface,1,80.84,80.84
20475,11019,2024-12-12,Object-based encompassing archive,2,97.74,195.48
20476,11092,2024-02-04,Multi-tiered 3rdgeneration architecture,7,43.41,303.87
20477,11058,2024-03-06,Compatible background contingency,3,48.6,145.8
20478,11055,2024-09-24,Switchable stable access,2,86.03,172.06
20479,11090,2023-11-09,Enterprise-wide optimal knowledge user,7,34.13,238.91000000000003
20480,11090,2025-03-03,Managed needs-based solution,2,24.07,48.14
20481,11062,2024-02-23,Mandatory optimal matrices,3,86.78,260.34000000000003
20482,11023,2024-02-27,Distributed multi-state projection,7,14.19,99.33
20483,11009,2024-03-19,Virtual systematic matrices,4,65.77,263.08
20484,11012,2024-09-23,De-engineered neutral knowledgebase,1,60.58,60.58
20485,11001,2024-04-16,Multi-channeled non-volatile workforce,5,41.13,205.65
20486,11058,2025-03-23,Enhanced uniform application,9,38.37,345.33
20487,11001,2025-02-16,Organic reciprocal productivity,8,79.47,635.76
20488,11034,2025-01-18,Sharable uniform architecture,9,17.78,160.02
20489,11096,2023-06-22,Proactive transitional monitoring,9,31.31,281.78999999999996
20490,11048,2025-01-01,Inverse next generation forecast,7,75.92,531.44
20491,11089,2024-11-18,Integrated high-level success,4,59.35,237.4
20492,11001,2023-12-21,Enterprise-wide actuating function,5,21.52,107.6
20493,11016,2024-10-03,Versatile directional implementation,1,89.39,89.39
20494,11061,2024-08-02,Team-oriented multimedia orchestration,1,45.41,45.41
20495,11064,2024-05-21,Operative reciprocal application,3,84.51,253.53000000000003
20496,11063,2025-01-21,Proactive transitional extranet,8,80.89,647.12
20497,11069,2025-04-09,Implemented 4thgeneration open system,2,66.2,132.4
20498,11022,2025-01-14,Mandatory needs-based core,4,54.5,218.0
20499,11093,2024-03-23,Future-proofed impactful middleware,2,98.16,196.32
20500,11067,2025-01-14,Multi-tiered transitional data-warehouse,5,23.05,115.25
20501,11076,2024-09-29,Focused optimizing Internet solution,9,75.26,677.34
20502,11026,2024-06-12,Robust client-driven workforce,1,27.21,27.21
20503,11016,2023-06-22,Multi-layered zero administration standardization,5,40.44,202.2
20504,11051,2023-12-30,Multi-channeled leadingedge moderator,9,37.78,340.02
20505,11086,2023-10-25,Down-sized attitude-oriented parallelism,1,95.23,95.23
20506,11057,2024-08-19,Ameliorated optimizing framework,9,97.06,873.54
20507,11029,2024-06-10,Synergized didactic Internet solution,8,26.47,211.76
20508,11078,2024-05-10,Horizontal bi-directional protocol,4,11.98,47.92
20509,11092,2023-11-13,Devolved attitude-oriented budgetary management,5,74.8,374.0
20510,11069,2025-01-01,Virtual analyzing extranet,5,47.62,238.1
20511,11047,2023-08-04,Virtual 4thgeneration monitoring,6,18.0,108.0
20512,11094,2024-12-21,Assimilated executive help-desk,7,71.54,500.78000000000003
20513,11062,2024-08-26,Future-proofed bottom-line middleware,8,59.06,472.48
20514,11069,2023-10-18,Cross-group impactful workforce,8,98.25,786.0
20515,11076,2024-06-23,Quality-focused user-facing protocol,2,30.47,60.94
20516,11016,2025-03-01,Adaptive fresh-thinking matrix,9,46.36,417.24
20517,11090,2024-02-19,Multi-lateral methodical infrastructure,7,58.83,411.81
20518,11090,2024-01-01,Cross-platform regional emulation,4,81.25,325.0
20519,11048,2024-12-29,Profit-focused non-volatile support,4,59.4,237.6
20520,11085,2024-08-12,De-engineered content-based product,8,65.16,521.28
20521,11039,2023-09-08,Future-proofed optimal definition,4,30.35,121.4
20522,11100,2024-01-03,Integrated context-sensitive focus group,6,86.22,517.3199999999999
20523,11033,2024-04-09,Optimized user-facing matrices,5,48.58,242.89999999999998
20524,11094,2024-11-27,Business-focused transitional interface,3,22.69,68.07000000000001
20525,11023,2025-04-05,Advanced next generation emulation,2,69.78,139.56
20526,11010,2025-02-21,Function-based 5thgeneration knowledge user,9,29.45,265.05
20527,11069,2024-09-22,Profit-focused web-enabled utilization,9,18.78,169.02
20528,11100,2024-11-15,Down-sized systemic product,1,87.58,87.58
20529,11034,2023-11-23,Monitored demand-driven methodology,3,51.41,154.23
20530,11052,2023-08-05,Persistent multi-state parallelism,8,77.44,619.52
20531,11095,2025-03-27,Operative 5thgeneration approach,6,36.15,216.89999999999998
20532,11010,2023-07-24,Team-oriented high-level open architecture,5,80.83,404.15
20533,11019,2024-02-20,Phased methodical frame,5,20.07,100.35
20534,11058,2024-07-01,Devolved solution-oriented utilization,6,42.04,252.24
20535,11096,2024-12-23,User-centric bifurcated paradigm,7,98.03,686.21
20536,11001,2024-06-20,Automated discrete flexibility,1,81.46,81.46
20537,11069,2025-04-15,Synergistic maximized budgetary management,9,54.75,492.75
20538,11004,2025-02-18,Automated needs-based hardware,3,40.58,121.74
20539,11016,2023-10-09,Profit-focused bifurcated Internet solution,4,88.49,353.96
20540,11024,2023-09-18,Fundamental global benchmark,1,59.04,59.04
20541,11080,2024-03-21,Public-key real-time encoding,3,78.26,234.78000000000003
20542,11002,2024-05-03,Persevering stable task-force,2,77.87,155.74
20543,11092,2024-02-12,Centralized methodical moratorium,2,11.62,23.24
20544,11032,2024-05-31,Public-key high-level parallelism,1,21.36,21.36
20545,11091,2024-08-13,Re-engineered holistic service-desk,8,69.37,554.96
20546,11084,2024-01-06,Organized systematic contingency,3,24.55,73.65
20547,11024,2025-01-03,Organized intangible initiative,3,32.99,98.97
20548,11012,2024-07-18,Reverse-engineered non-volatile Internet solution,6,95.2,571.2
20549,11050,2023-08-23,Customizable disintermediate intranet,8,60.42,483.36
20550,11035,2024-07-10,Profit-focused transitional intranet,9,77.57,698.1299999999999
20551,11033,2023-06-28,Cross-group uniform middleware,9,60.22,541.98
20552,11033,2024-10-11,Synchronized tertiary middleware,4,59.73,238.92
20553,11061,2023-08-04,Fully-configurable zero tolerance middleware,5,18.47,92.35
20554,11051,2024-12-24,Devolved analyzing extranet,2,40.93,81.86
20555,11043,2023-07-12,Front-line 5thgeneration data-warehouse,9,35.42,318.78000000000003
20556,11012,2024-12-18,Public-key zero-defect interface,8,45.17,361.36
20557,11067,2024-07-16,Reduced 5thgeneration policy,3,81.85,245.54999999999998
20558,11065,2023-11-01,Multi-tiered fresh-thinking neural-net,9,43.47,391.23
20559,11033,2023-08-05,Persistent 5thgeneration approach,3,50.65,151.95
20560,11040,2024-06-05,Synchronized full-range matrices,9,45.76,411.84
20561,11074,2023-06-06,Devolved optimal strategy,2,18.41,36.82
20562,11043,2023-09-07,Innovative analyzing groupware,9,49.7,447.3
20563,11044,2023-11-03,Mandatory systemic data-warehouse,8,27.6,220.8
20564,11029,2023-07-11,Multi-tiered clear-thinking groupware,9,26.81,241.29
20565,11013,2024-08-24,Intuitive fresh-thinking hub,5,18.46,92.30000000000001
20566,11012,2024-05-09,Triple-buffered next generation concept,2,42.1,84.2
20567,11095,2024-10-04,Centralized multimedia solution,8,78.17,625.36
20568,11046,2024-09-27,Open-source 6thgeneration core,6,34.88,209.28000000000003
20569,11002,2025-01-14,User-centric context-sensitive methodology,8,38.11,304.88
20570,11035,2023-05-19,Optimized disintermediate synergy,5,67.84,339.20000000000005
20571,11087,2025-03-15,Distributed solution-oriented synergy,2,27.63,55.26
20572,11081,2024-01-01,Upgradable dynamic knowledge user,6,90.73,544.38
20573,11090,2024-08-11,Public-key homogeneous toolset,5,56.82,284.1
20574,11008,2024-01-12,Up-sized motivating policy,5,50.28,251.4
20575,11093,2023-10-29,De-engineered neutral initiative,1,60.2,60.2
20576,11026,2024-12-03,Pre-emptive hybrid attitude,2,24.94,49.88
20577,11074,2023-12-29,Pre-emptive transitional framework,8,65.21,521.68
20578,11090,2023-12-23,Triple-buffered interactive moratorium,3,42.68,128.04
20579,11034,2024-08-21,Persevering regional function,3,90.75,272.25
20580,11007,2023-08-31,Upgradable 3rdgeneration matrices,8,25.2,201.6
20581,11068,2024-04-01,Intuitive interactive moderator,8,55.63,445.04
20582,11058,2023-06-13,Future-proofed impactful circuit,2,63.83,127.66
20583,11075,2023-07-26,Reduced content-based secured line,8,13.0,104.0
20584,11029,2024-06-07,Focused demand-driven leverage,1,42.73,42.73
20585,11036,2023-08-07,Sharable national leverage,6,75.94,455.64
20586,11089,2025-01-15,Re-engineered reciprocal moratorium,8,83.83,670.64
20587,11021,2025-03-30,Programmable optimizing help-desk,3,38.18,114.53999999999999
20588,11036,2024-11-05,Extended high-level emulation,8,81.87,654.96
20589,11010,2024-03-27,Pre-emptive background moratorium,1,97.1,97.1
20590,11073,2024-06-16,Total mission-critical product,9,87.12,784.08
20591,11024,2023-09-17,Secured encompassing approach,9,20.59,185.31
20592,11064,2024-08-12,Robust 24/7 approach,5,76.58,382.9
20593,11099,2024-10-30,Progressive zero administration focus group,4,38.77,155.08
20594,11049,2025-01-30,Compatible encompassing model,6,98.96,593.76
20595,11099,2025-05-04,Phased responsive neural-net,7,53.68,375.76
20596,11036,2023-10-11,Vision-oriented leadingedge instruction set,5,21.02,105.1
20597,11082,2023-10-24,Enhanced explicit artificial intelligence,9,75.27,677.43
20598,11096,2023-11-13,Distributed clear-thinking website,3,39.07,117.21000000000001
20599,11024,2023-06-20,Upgradable scalable pricing structure,7,99.74,698.18
20600,11023,2023-12-24,Synergized multi-tasking middleware,5,98.18,490.90000000000003
20601,11062,2024-10-22,Open-architected motivating model,7,69.05,483.34999999999997
20602,11096,2025-04-02,Down-sized intangible productivity,2,21.68,43.36
20603,11037,2024-10-15,Implemented multi-state hierarchy,4,71.82,287.28
20604,11012,2024-12-29,Networked stable artificial intelligence,2,18.37,36.74
20605,11055,2023-07-04,Cross-platform incremental data-warehouse,7,12.64,88.48
20606,11013,2024-05-10,Profound upward-trending hierarchy,2,84.07,168.14
20607,11023,2024-08-03,Multi-layered asymmetric concept,1,28.88,28.88
20608,11089,2023-07-03,Sharable exuding matrices,9,44.11,396.99
20609,11099,2023-05-13,Monitored zero tolerance monitoring,1,97.61,97.61
20610,11030,2025-05-06,Managed systemic synergy,8,40.32,322.56
20611,11017,2024-04-17,Versatile tertiary paradigm,2,36.68,73.36
20612,11062,2024-11-01,Configurable demand-driven array,8,92.64,741.12
20613,11084,2024-11-18,Reduced real-time ability,3,19.97,59.91
20614,11089,2024-06-06,Networked regional analyzer,6,78.36,470.15999999999997
20615,11086,2024-08-05,Operative needs-based extranet,3,98.93,296.79
20616,11013,2023-05-25,Total 24/7 collaboration,7,91.12,637.84
20617,11059,2024-06-23,Total neutral infrastructure,9,68.65,617.85
20618,11019,2024-03-17,Cross-group mobile task-force,2,38.27,76.54
20619,11049,2025-02-03,Balanced secondary array,5,32.89,164.45
20620,11100,2024-09-04,Expanded human-resource installation,6,83.73,502.38
20621,11012,2024-12-21,Integrated clear-thinking website,4,89.18,356.72
20622,11061,2024-03-19,Up-sized cohesive forecast,4,57.29,229.16
20623,11019,2024-10-29,Focused clear-thinking infrastructure,4,31.99,127.96
20624,11076,2023-11-26,Polarized empowering model,2,20.16,40.32
20625,11009,2024-12-23,Ameliorated fresh-thinking project,4,17.85,71.4
20626,11071,2023-10-14,Future-proofed high-level synergy,1,74.72,74.72
20627,11028,2023-07-18,User-friendly national monitoring,6,47.81,286.86
20628,11078,2025-01-15,Optional bi-directional functionalities,1,91.48,91.48
20629,11095,2024-01-28,Profit-focused leadingedge standardization,6,76.57,459.41999999999996
20630,11052,2024-12-25,Open-architected systematic infrastructure,1,27.21,27.21
20631,11083,2023-09-13,Inverse eco-centric support,6,65.24,391.43999999999994
20632,11016,2025-03-19,Devolved scalable complexity,8,49.2,393.6
20633,11069,2023-09-29,Synchronized analyzing array,2,61.95,123.9
20634,11099,2024-11-07,Multi-layered mobile policy,2,76.43,152.86
20635,11012,2024-11-08,Fully-configurable hybrid migration,4,82.56,330.24
20636,11025,2023-05-25,Seamless bifurcated adapter,3,85.94,257.82
20637,11052,2025-04-06,Upgradable background budgetary management,4,32.86,131.44
20638,11085,2025-02-01,Proactive responsive database,7,12.8,89.60000000000001
20639,11100,2025-03-17,Reduced neutral interface,1,76.54,76.54
20640,11053,2024-09-19,Customizable systematic conglomeration,6,19.57,117.42
20641,11023,2024-05-30,Extended directional task-force,3,38.34,115.02000000000001
20642,11016,2023-11-12,Up-sized radical capacity,7,10.34,72.38
20643,11057,2024-08-21,Centralized non-volatile solution,2,71.35,142.7
20644,11039,2024-08-04,Re-contextualized local contingency,2,25.04,50.08
20645,11053,2023-10-18,Multi-tiered 24hour architecture,4,68.98,275.92
20646,11042,2024-09-11,Synergistic multi-state service-desk,1,99.26,99.26
20647,11058,2024-12-10,Optimized intangible migration,3,16.54,49.62
20648,11039,2023-07-07,Up-sized empowering superstructure,9,16.94,152.46
20649,11014,2023-05-19,Function-based leadingedge archive,7,40.63,284.41
20650,11095,2023-10-22,Synergized radical monitoring,7,87.97,615.79
20651,11005,2023-08-01,Optimized systematic framework,4,29.4,117.6
20652,11035,2024-07-24,Team-oriented methodical core,2,42.43,84.86
20653,11087,2025-03-02,Profit-focused disintermediate Internet solution,4,16.17,64.68
20654,11093,2024-02-17,Inverse zero tolerance artificial intelligence,6,78.68,472.08000000000004
20655,11075,2023-08-12,Synergized user-facing intranet,3,46.75,140.25
20656,11018,2025-03-16,Reactive needs-based application,1,78.33,78.33
20657,11076,2024-01-17,User-friendly even-keeled standardization,8,91.32,730.56
20658,11009,2024-03-05,Devolved multimedia architecture,5,30.95,154.75
20659,11074,2024-06-09,Innovative bifurcated archive,5,82.67,413.35
20660,11058,2023-10-23,Compatible 24/7 budgetary management,4,15.32,61.28
20661,11017,2025-03-27,Fully-configurable mission-critical pricing structure,6,90.9,545.4000000000001
20662,11007,2024-04-19,Fundamental 4thgeneration circuit,3,68.57,205.70999999999998
20663,11046,2024-11-28,Synergized multimedia superstructure,9,88.68,798.1200000000001
20664,11013,2025-04-13,Persistent discrete methodology,5,10.02,50.099999999999994
20665,11040,2024-03-05,Innovative 24hour frame,3,25.22,75.66
20666,11042,2024-02-02,Universal incremental frame,1,45.08,45.08
20667,11009,2024-11-21,Up-sized object-oriented product,6,44.16,264.96
20668,11050,2024-04-17,Profit-focused holistic paradigm,2,30.41,60.82
20669,11027,2023-09-05,Organic client-driven knowledgebase,3,44.35,133.05
20670,11066,2024-07-10,Enhanced responsive interface,1,21.6,21.6
20671,11005,2023-06-25,Operative asynchronous concept,9,47.15,424.34999999999997
20672,11029,2023-06-13,Enhanced didactic attitude,8,82.21,657.68
20673,11037,2025-03-12,Reverse-engineered local Local Area Network,2,53.12,106.24
20674,11038,2025-05-09,Re-contextualized multimedia paradigm,8,11.62,92.96
20675,11083,2025-02-14,Reduced regional hierarchy,9,47.93,431.37
20676,11008,2023-07-05,Vision-oriented client-driven architecture,1,12.45,12.45
20677,11065,2024-02-17,Enterprise-wide optimizing challenge,5,96.96,484.79999999999995
20678,11086,2025-02-23,Innovative discrete implementation,8,21.47,171.76
20679,11017,2024-11-03,Progressive content-based monitoring,2,73.69,147.38
20680,11071,2024-03-11,Automated national portal,4,97.55,390.2
20681,11089,2025-03-12,Reactive dynamic forecast,7,84.34,590.38
20682,11045,2023-07-21,Assimilated bifurcated matrix,3,72.94,218.82
20683,11004,2025-04-10,Ergonomic demand-driven Graphical User Interface,5,85.55,427.75
20684,11036,2024-03-21,Profound bifurcated workforce,8,98.36,786.88
20685,11070,2023-07-17,Phased holistic circuit,3,65.92,197.76
20686,11031,2025-02-09,Fully-configurable dedicated task-force,4,60.33,241.32
20687,11019,2025-03-16,Upgradable systemic conglomeration,9,66.54,598.86
20688,11061,2024-07-22,Ameliorated web-enabled middleware,7,57.94,405.58
20689,11054,2023-08-10,Balanced impactful complexity,1,67.16,67.16
20690,11039,2023-07-24,Centralized attitude-oriented open system,4,50.49,201.96
20691,11091,2024-07-19,Profound background database,4,29.66,118.64
20692,11074,2025-01-09,Face-to-face fresh-thinking matrix,9,20.82,187.38
20693,11090,2024-05-15,Function-based 6thgeneration attitude,6,16.15,96.89999999999999
20694,11019,2025-04-26,Ergonomic next generation collaboration,9,33.7,303.3
20695,11039,2023-12-26,Progressive mobile migration,6,14.15,84.9
20696,11067,2025-04-28,Exclusive analyzing algorithm,6,61.05,366.29999999999995
20697,11045,2025-02-21,Customizable value-added orchestration,5,35.54,177.7
20698,11013,2024-04-16,Profit-focused regional portal,5,84.21,421.04999999999995
20699,11092,2024-08-13,Universal content-based policy,2,16.68,33.36
20700,11058,2023-11-17,Future-proofed systematic matrix,8,30.37,242.96
20701,11020,2025-05-09,Operative asynchronous structure,8,75.72,605.76
20702,11092,2024-08-04,Enhanced national groupware,1,63.89,63.89
20703,11072,2024-06-09,Fully-configurable bottom-line Local Area Network,8,15.8,126.4
20704,11061,2025-02-11,Reduced global collaboration,5,88.95,444.75
20705,11039,2025-01-23,Profit-focused motivating matrices,2,88.95,177.9
20706,11001,2023-06-20,Configurable contextually-based service-desk,2,39.74,79.48
20707,11003,2023-06-04,Mandatory stable approach,6,40.64,243.84
20708,11077,2024-11-10,Configurable well-modulated initiative,9,99.01,891.09
20709,11092,2024-01-28,Profit-focused next generation attitude,1,66.36,66.36
20710,11062,2023-06-11,Exclusive maximized focus group,6,57.82,346.92
20711,11063,2024-10-05,Right-sized bifurcated info-mediaries,9,85.43,768.8700000000001
20712,11025,2024-10-09,Inverse explicit product,8,35.68,285.44
20713,11056,2025-04-27,Exclusive bottom-line instruction set,6,48.63,291.78000000000003
20714,11033,2025-02-28,User-friendly intermediate synergy,3,34.1,102.30000000000001
20715,11038,2023-10-06,Exclusive multi-state process improvement,8,81.02,648.16
20716,11006,2025-05-07,Cross-platform well-modulated archive,9,61.6,554.4
20717,11058,2023-09-15,Self-enabling methodical paradigm,1,69.29,69.29
20718,11044,2023-11-25,Stand-alone 24hour interface,9,32.71,294.39
20719,11045,2024-07-21,User-friendly real-time productivity,6,29.82,178.92000000000002
20720,11032,2024-02-24,Upgradable client-driven functionalities,6,53.95,323.70000000000005
20721,11045,2024-03-14,Advanced local info-mediaries,4,76.38,305.52
20722,11061,2024-06-02,Quality-focused encompassing Graphical User Interface,1,57.27,57.27
20723,11047,2023-05-26,Focused heuristic protocol,8,12.94,103.52
20724,11021,2023-10-24,Persevering scalable support,2,88.17,176.34
20725,11080,2024-11-22,Expanded systemic firmware,1,15.82,15.82
20726,11085,2023-10-01,Vision-oriented upward-trending installation,2,96.02,192.04
20727,11075,2024-10-15,De-engineered client-server strategy,1,12.26,12.26
20728,11036,2025-04-23,Right-sized national complexity,1,72.5,72.5
20729,11099,2025-04-12,Operative contextually-based policy,9,17.4,156.6
20730,11019,2023-06-30,Integrated solution-oriented extranet,1,91.96,91.96
20731,11020,2024-05-07,Devolved full-range functionalities,4,51.8,207.2
20732,11057,2024-02-09,Cross-group uniform intranet,6,22.38,134.28
20733,11018,2025-04-18,Synergized encompassing analyzer,7,40.67,284.69
20734,11047,2023-11-28,Stand-alone intangible approach,2,24.83,49.66
20735,11049,2024-12-29,Assimilated system-worthy workforce,6,25.35,152.10000000000002
20736,11014,2024-08-10,Business-focused even-keeled circuit,7,95.33,667.31
20737,11015,2025-03-10,Sharable local portal,2,50.07,100.14
20738,11031,2024-08-30,Realigned content-based archive,2,80.99,161.98
20739,11001,2024-07-06,Profound dynamic collaboration,7,67.56,472.92
20740,11054,2024-04-13,Phased user-facing project,1,70.88,70.88
20741,11003,2025-03-18,Customizable modular throughput,8,21.85,174.8
20742,11016,2025-02-24,Re-engineered asynchronous framework,3,31.08,93.24
20743,11087,2024-07-09,Monitored 24hour hierarchy,6,80.81,484.86
20744,11057,2023-06-26,Exclusive system-worthy matrix,9,97.37,876.33
20745,11075,2023-10-07,Proactive interactive monitoring,6,33.64,201.84
20746,11012,2024-11-18,Down-sized dedicated Internet solution,9,34.44,309.96
20747,11074,2024-10-25,Integrated encompassing matrix,7,52.56,367.92
20748,11096,2025-05-03,Vision-oriented empowering task-force,9,98.55,886.9499999999999
20749,11016,2023-11-12,Future-proofed web-enabled flexibility,2,34.21,68.42
20750,11072,2023-08-29,Business-focused motivating approach,8,46.63,373.04
20751,11076,2024-09-27,Synergistic content-based conglomeration,8,90.23,721.84
20752,11024,2024-07-03,Synergistic value-added complexity,2,10.26,20.52
20753,11028,2024-12-26,Stand-alone systematic benchmark,4,13.58,54.32
20754,11008,2023-12-13,De-engineered 4thgeneration leverage,7,64.37,450.59000000000003
20755,11092,2025-04-16,Enterprise-wide bifurcated productivity,4,91.66,366.64
20756,11036,2023-06-21,Switchable analyzing website,4,31.5,126.0
20757,11090,2024-08-29,Customer-focused responsive customer loyalty,6,52.27,313.62
20758,11008,2024-12-27,Upgradable zero-defect Graphic Interface,6,50.54,303.24
20759,11058,2024-06-20,Advanced logistical synergy,3,52.57,157.71
20760,11060,2024-09-10,Open-source analyzing database,9,66.03,594.27
20761,11050,2025-01-23,Stand-alone logistical artificial intelligence,2,52.28,104.56
20762,11028,2023-11-15,Cross-group optimal collaboration,6,50.27,301.62
20763,11092,2023-12-25,Exclusive methodical orchestration,7,52.69,368.83
20764,11041,2024-02-01,Organic 3rdgeneration synergy,9,63.18,568.62
20765,11100,2024-06-30,Polarized contextually-based info-mediaries,3,58.33,174.99
20766,11064,2024-02-08,User-centric system-worthy hub,3,86.87,260.61
20767,11027,2024-11-19,Visionary 4thgeneration implementation,7,14.45,101.14999999999999
20768,11063,2024-05-17,Innovative attitude-oriented toolset,4,85.0,340.0
20769,11017,2025-05-03,Upgradable asynchronous structure,8,85.95,687.6
20770,11073,2025-05-06,Compatible even-keeled emulation,7,35.64,249.48000000000002
20771,11033,2023-07-14,Compatible eco-centric core,5,51.66,258.29999999999995
20772,11084,2023-05-19,Multi-layered zero tolerance neural-net,7,49.47,346.28999999999996
20773,11077,2023-11-15,Team-oriented leadingedge hardware,3,29.67,89.01
20774,11092,2024-06-20,Reverse-engineered stable framework,2,45.71,91.42
20775,11029,2024-01-24,Innovative contextually-based solution,6,13.99,83.94
20776,11013,2023-08-24,Horizontal fresh-thinking architecture,2,35.0,70.0
20777,11046,2023-05-24,Programmable mobile neural-net,3,83.5,250.5
20778,11035,2025-03-12,Enterprise-wide stable neural-net,6,35.61,213.66
20779,11006,2023-10-21,Expanded multimedia projection,5,83.64,418.2
20780,11082,2024-01-20,Persevering holistic open system,8,57.84,462.72
20781,11069,2023-07-09,Focused high-level standardization,9,89.19,802.71
20782,11047,2024-04-13,Innovative multimedia moratorium,3,61.73,185.19
20783,11025,2024-04-19,Focused non-volatile access,3,12.67,38.01
20784,11066,2024-04-10,Horizontal actuating flexibility,3,70.79,212.37
20785,11010,2024-02-16,Customizable contextually-based conglomeration,6,14.04,84.24
20786,11056,2024-12-27,Polarized asynchronous help-desk,1,50.55,50.55
20787,11030,2024-09-04,Customizable demand-driven core,7,93.65,655.5500000000001
20788,11005,2024-03-23,Customizable clear-thinking process improvement,1,24.87,24.87
20789,11033,2024-05-06,Decentralized grid-enabled framework,5,45.09,225.45000000000002
20790,11065,2024-01-01,Optional intangible knowledgebase,8,75.69,605.52
20791,11018,2024-02-27,Object-based client-driven circuit,4,89.4,357.6
20792,11096,2024-10-21,Front-line interactive projection,5,70.38,351.9
20793,11049,2025-02-19,Synergistic contextually-based standardization,4,33.24,132.96
20794,11011,2024-01-31,Ameliorated systemic adapter,4,70.71,282.84
20795,11085,2023-07-10,Organized systematic functionalities,8,36.71,293.68
20796,11026,2023-08-09,Multi-layered leadingedge forecast,2,74.66,149.32
20797,11063,2023-05-12,Ergonomic even-keeled hardware,1,95.86,95.86
20798,11089,2025-04-13,Team-oriented secondary leverage,3,74.93,224.79000000000002
20799,11086,2024-11-22,Cloned maximized algorithm,9,87.66,788.9399999999999
20800,11059,2023-07-27,Monitored object-oriented hierarchy,4,10.19,40.76
20801,11027,2024-08-01,Enhanced actuating solution,5,74.58,372.9
20802,11049,2024-10-16,Configurable client-server implementation,2,84.66,169.32
20803,11077,2024-02-13,Switchable stable collaboration,4,13.65,54.6
20804,11033,2024-02-19,Monitored secondary instruction set,2,88.44,176.88
20805,11098,2024-04-18,Decentralized cohesive superstructure,2,33.1,66.2
20806,11099,2024-09-16,Up-sized regional throughput,4,69.88,279.52
20807,11001,2023-06-13,Up-sized 24hour concept,6,82.03,492.18
20808,11021,2024-08-23,Self-enabling optimizing knowledge user,7,69.64,487.48
20809,11055,2025-01-24,De-engineered reciprocal alliance,3,18.31,54.92999999999999
20810,11006,2024-01-15,Profit-focused methodical algorithm,3,63.67,191.01
20811,11092,2024-09-24,Implemented actuating installation,6,59.46,356.76
20812,11081,2024-10-31,Cloned zero administration matrices,3,91.03,273.09000000000003
20813,11069,2025-03-14,Total 24/7 neural-net,2,46.38,92.76
20814,11095,2025-04-19,Synergized client-server infrastructure,8,38.9,311.2
20815,11005,2024-10-21,Secured 4thgeneration architecture,5,77.49,387.45
20816,11003,2023-12-28,User-friendly web-enabled data-warehouse,1,47.14,47.14
20817,11053,2025-02-01,Profound contextually-based leverage,3,68.15,204.45000000000002
20818,11023,2024-09-11,Public-key 6thgeneration methodology,8,68.18,545.44
20819,11053,2023-06-13,Organized eco-centric success,4,89.92,359.68
20820,11037,2023-05-22,Stand-alone bi-directional interface,7,63.88,447.16
20821,11074,2024-01-17,Customer-focused intermediate superstructure,2,55.19,110.38
20822,11074,2024-05-27,Multi-layered mission-critical methodology,7,22.5,157.5
20823,11083,2023-08-25,Compatible human-resource Local Area Network,5,20.42,102.10000000000001
20824,11017,2024-05-27,Future-proofed client-server focus group,5,23.89,119.45
20825,11085,2024-09-06,Seamless zero tolerance neural-net,6,25.47,152.82
20826,11078,2024-09-16,Networked uniform software,9,67.41,606.6899999999999
20827,11073,2024-04-21,Total dynamic benchmark,6,76.69,460.14
20828,11001,2024-08-23,Horizontal analyzing portal,8,57.7,461.6
20829,11051,2023-08-01,Sharable directional interface,7,84.61,592.27
20830,11045,2024-10-22,Re-contextualized background access,9,99.21,892.89
20831,11077,2023-12-13,Extended full-range circuit,4,83.8,335.2
20832,11004,2024-07-14,Re-contextualized encompassing flexibility,2,72.54,145.08
20833,11062,2023-12-20,Synchronized multimedia hub,7,57.92,405.44
20834,11065,2024-12-23,Right-sized background Graphic Interface,6,50.4,302.4
20835,11032,2023-05-20,Expanded solution-oriented knowledge user,1,17.6,17.6
20836,11034,2025-01-11,Persistent mission-critical matrix,9,45.94,413.46
20837,11092,2024-11-12,Grass-roots even-keeled standardization,9,91.91,827.1899999999999
20838,11095,2025-01-19,Diverse tertiary workforce,2,82.72,165.44
20839,11072,2024-11-15,Configurable human-resource initiative,3,29.44,88.32000000000001
20840,11039,2025-05-02,Right-sized empowering website,5,51.99,259.95
20841,11026,2024-05-01,Automated homogeneous installation,5,83.51,417.55
20842,11034,2023-12-24,Operative 24hour open architecture,1,16.06,16.06
20843,11054,2023-05-24,Distributed non-volatile algorithm,8,44.87,358.96
20844,11003,2025-03-17,Function-based asymmetric forecast,8,86.67,693.36
20845,11050,2024-10-27,Reduced object-oriented help-desk,4,46.35,185.4
20846,11012,2024-01-18,Business-focused fresh-thinking customer loyalty,7,16.99,118.92999999999999
20847,11065,2024-01-31,Up-sized national firmware,3,58.83,176.49
20848,11054,2024-06-01,Centralized optimizing info-mediaries,6,87.56,525.36
20849,11005,2023-12-13,Automated 5thgeneration migration,9,63.13,568.1700000000001
20850,11094,2025-05-10,Fully-configurable eco-centric interface,1,30.37,30.37
20851,11094,2024-01-16,Persevering attitude-oriented matrices,5,44.58,222.89999999999998
20852,11057,2024-03-14,Versatile reciprocal system engine,4,50.51,202.04
20853,11017,2024-09-16,Streamlined web-enabled conglomeration,8,62.13,497.04
20854,11047,2024-03-22,Front-line asymmetric conglomeration,1,78.34,78.34
20855,11023,2023-12-04,Advanced scalable extranet,9,18.9,170.1
20856,11079,2024-04-08,Proactive impactful budgetary management,6,90.07,540.42
20857,11085,2024-07-25,Organized optimal extranet,4,11.11,44.44
20858,11014,2024-07-22,Persistent system-worthy capability,9,43.3,389.7
20859,11066,2023-11-15,Cross-group transitional data-warehouse,5,12.47,62.35
20860,11075,2024-03-05,Focused value-added flexibility,5,45.37,226.85
20861,11051,2023-10-02,Ergonomic responsive open system,5,57.32,286.6
20862,11038,2025-05-04,Customizable value-added approach,1,56.05,56.05
20863,11064,2025-03-12,User-friendly leadingedge application,1,24.91,24.91
20864,11098,2024-05-25,Customizable composite ability,8,68.12,544.96
20865,11038,2024-05-10,Configurable uniform process improvement,8,14.03,112.24
20866,11050,2025-02-08,Customer-focused encompassing policy,6,78.57,471.41999999999996
20867,11098,2025-02-05,Front-line 6thgeneration success,4,95.2,380.8
20868,11082,2023-08-16,Polarized motivating toolset,2,40.58,81.16
20869,11030,2024-12-03,Advanced context-sensitive definition,2,56.55,113.1
20870,11079,2024-11-12,Open-source actuating analyzer,9,44.1,396.90000000000003
20871,11091,2023-09-01,Managed explicit firmware,5,10.6,53.0
20872,11051,2024-06-25,Organic attitude-oriented contingency,4,44.73,178.92
20873,11063,2024-12-11,Decentralized 6thgeneration open system,1,81.25,81.25
20874,11098,2025-04-15,Polarized grid-enabled groupware,7,63.64,445.48
20875,11052,2024-10-20,Focused solution-oriented strategy,3,19.11,57.33
20876,11038,2024-12-23,Synergized value-added benchmark,6,86.24,517.4399999999999
20877,11097,2024-03-06,Integrated exuding utilization,5,57.8,289.0
20878,11088,2024-07-07,Distributed regional implementation,5,85.76,428.8
20879,11079,2024-03-19,Multi-layered bottom-line structure,5,62.22,311.1
20880,11030,2025-01-02,Multi-tiered 24hour time-frame,1,60.37,60.37
20881,11051,2024-03-01,Fully-configurable modular access,1,19.47,19.47
20882,11081,2023-11-17,Customizable heuristic matrices,3,25.06,75.17999999999999
20883,11005,2023-07-27,Self-enabling secondary methodology,4,97.48,389.92
20884,11029,2024-03-15,Open-architected coherent concept,5,30.56,152.79999999999998
20885,11004,2023-09-01,Multi-layered optimizing Graphic Interface,2,97.97,195.94
20886,11010,2023-11-17,Upgradable upward-trending success,8,57.87,462.96
20887,11056,2024-07-22,Mandatory intermediate encoding,2,22.22,44.44
20888,11017,2025-02-17,Optimized reciprocal array,9,18.94,170.46
20889,11074,2024-10-16,Fully-configurable tertiary analyzer,2,28.8,57.6
20890,11017,2024-08-24,Fully-configurable real-time matrices,9,93.31,839.79
20891,11084,2025-04-10,Multi-tiered secondary solution,7,47.27,330.89000000000004
20892,11088,2024-02-19,Phased systemic orchestration,8,45.59,364.72
20893,11069,2023-10-24,Multi-tiered human-resource extranet,2,38.19,76.38
20894,11034,2024-10-03,Versatile asymmetric utilization,7,23.24,162.67999999999998
20895,11006,2023-11-02,Quality-focused 6thgeneration flexibility,6,53.91,323.46
20896,11053,2024-08-28,Adaptive global orchestration,4,21.7,86.8
20897,11066,2025-02-24,Polarized tangible strategy,7,85.19,596.3299999999999
20898,11077,2023-08-20,Self-enabling grid-enabled structure,4,43.34,173.36
20899,11043,2024-09-21,Sharable uniform algorithm,2,43.73,87.46
20900,11075,2023-10-02,Open-source high-level knowledge user,7,52.66,368.62
20901,11023,2023-05-12,Mandatory coherent toolset,8,49.97,399.76
20902,11055,2023-09-04,Fundamental 24/7 archive,2,99.54,199.08
20903,11080,2024-03-07,Switchable intangible complexity,5,59.08,295.4
20904,11095,2024-10-12,Fundamental 6thgeneration artificial intelligence,1,17.94,17.94
20905,11075,2024-10-18,Expanded tertiary software,7,64.62,452.34000000000003
20906,11016,2024-06-16,Down-sized bandwidth-monitored standardization,8,23.64,189.12
20907,11008,2024-07-14,Future-proofed human-resource parallelism,6,12.78,76.67999999999999
20908,11004,2023-09-22,Profound background collaboration,5,97.37,486.85
20909,11004,2024-10-17,Expanded responsive customer loyalty,6,79.62,477.72
20910,11056,2023-10-11,Devolved 5thgeneration hierarchy,2,98.21,196.42
20911,11025,2024-04-27,Organized bi-directional infrastructure,1,53.01,53.01
20912,11067,2024-02-20,Managed systematic access,7,57.9,405.3
20913,11096,2024-09-05,Sharable coherent parallelism,7,25.15,176.04999999999998
20914,11067,2025-02-01,Total non-volatile interface,2,32.22,64.44
20915,11027,2024-06-03,Reactive homogeneous toolset,2,85.47,170.94
20916,11093,2023-09-17,Extended incremental installation,1,42.06,42.06
20917,11032,2023-09-06,Balanced 6thgeneration contingency,8,84.41,675.28
20918,11050,2023-08-29,Optional user-facing array,8,73.81,590.48
20919,11061,2024-11-10,Adaptive context-sensitive extranet,1,25.95,25.95
20920,11051,2024-04-24,Quality-focused value-added strategy,8,55.67,445.36
20921,11019,2025-05-06,Customizable grid-enabled analyzer,9,70.96,638.64
20922,11021,2024-07-22,Distributed asymmetric hierarchy,4,31.15,124.6
20923,11005,2024-05-21,Extended user-facing projection,1,84.76,84.76
20924,11082,2024-06-08,Triple-buffered transitional frame,1,59.03,59.03
20925,11092,2024-06-27,Horizontal dynamic Internet solution,3,24.87,74.61
20926,11042,2024-02-07,Managed next generation info-mediaries,5,62.47,312.35
20927,11061,2023-11-12,Visionary attitude-oriented forecast,5,99.97,499.85
20928,11022,2024-12-17,Secured systemic info-mediaries,9,23.55,211.95000000000002
20929,11021,2024-07-18,Seamless intangible forecast,2,83.51,167.02
20930,11070,2023-09-28,Horizontal motivating installation,2,28.66,57.32
20931,11001,2023-08-01,Synchronized logistical approach,6,80.41,482.46
20932,11005,2024-11-27,Realigned composite software,9,76.11,684.99
20933,11012,2025-04-21,Horizontal value-added moderator,1,37.04,37.04
20934,11090,2023-07-20,Quality-focused hybrid pricing structure,9,39.32,353.88
20935,11046,2024-05-31,Inverse static intranet,9,81.33,731.97
20936,11034,2023-06-08,Future-proofed dynamic software,9,51.53,463.77
20937,11049,2024-02-13,Down-sized actuating challenge,5,75.77,378.84999999999997
20938,11078,2025-03-08,Customer-focused well-modulated Local Area Network,9,23.32,209.88
20939,11090,2024-10-19,Diverse optimizing standardization,4,86.73,346.92
20940,11045,2023-12-29,Monitored 24/7 matrices,2,73.98,147.96
20941,11027,2024-09-13,Reactive didactic service-desk,6,91.62,549.72
20942,11073,2024-04-24,Operative 6thgeneration installation,4,21.91,87.64
20943,11026,2024-02-03,Innovative high-level project,6,63.37,380.21999999999997
20944,11047,2024-08-14,Universal scalable framework,3,63.92,191.76
20945,11086,2024-06-10,Polarized homogeneous standardization,6,41.81,250.86
20946,11056,2023-08-02,Devolved zero tolerance moratorium,2,51.26,102.52
20947,11094,2024-05-02,Managed regional groupware,2,13.42,26.84
20948,11063,2024-12-03,Mandatory needs-based groupware,9,77.13,694.17
20949,11048,2025-05-08,Total reciprocal Graphic Interface,7,59.44,416.08
20950,11061,2023-10-24,Exclusive encompassing moderator,3,15.2,45.599999999999994
20951,11081,2025-04-11,Triple-buffered user-facing architecture,1,71.27,71.27
20952,11026,2023-07-14,Future-proofed multi-tasking infrastructure,8,52.01,416.08
20953,11036,2024-08-13,Fully-configurable web-enabled instruction set,6,13.1,78.6
20954,11001,2024-02-01,Synergized analyzing archive,7,97.26,680.82
20955,11008,2025-05-07,De-engineered 4thgeneration paradigm,9,95.42,858.78
20956,11099,2024-11-30,Polarized leadingedge budgetary management,5,56.16,280.79999999999995
20957,11052,2024-02-06,Diverse tertiary interface,1,18.43,18.43
20958,11079,2024-11-10,Secured 24/7 approach,7,77.92,545.44
20959,11047,2024-10-07,Digitized discrete hierarchy,5,54.27,271.35
20960,11056,2023-06-28,Upgradable mobile artificial intelligence,3,37.22,111.66
20961,11086,2024-02-11,Reactive value-added task-force,9,54.23,488.07
20962,11014,2023-06-13,Synergized bottom-line benchmark,1,57.02,57.02
20963,11090,2025-04-14,Programmable web-enabled structure,1,60.64,60.64
20964,11028,2024-09-03,Realigned hybrid service-desk,1,49.71,49.71
20965,11087,2023-11-24,Future-proofed web-enabled time-frame,3,64.52,193.56
20966,11078,2024-12-08,Multi-lateral motivating policy,6,92.69,556.14
20967,11088,2025-04-01,Enhanced asynchronous matrices,3,42.6,127.80000000000001
20968,11002,2024-07-20,Polarized executive Graphical User Interface,8,75.31,602.48
20969,11026,2024-04-24,Persistent human-resource help-desk,2,90.5,181.0
20970,11014,2023-07-12,Devolved real-time Graphical User Interface,9,51.04,459.36
20971,11059,2023-07-27,Realigned composite middleware,3,49.91,149.73
20972,11056,2024-11-17,Switchable systemic hardware,5,64.19,320.95
20973,11007,2024-08-23,Distributed leadingedge time-frame,8,63.23,505.84
20974,11003,2025-01-12,User-friendly dynamic portal,2,82.59,165.18
20975,11023,2024-03-05,Assimilated global matrices,6,52.88,317.28000000000003
20976,11018,2023-07-26,Reactive homogeneous archive,5,99.65,498.25
20977,11038,2024-11-13,Intuitive eco-centric database,9,15.35,138.15
20978,11099,2023-11-21,Phased dedicated Internet solution,5,10.29,51.449999999999996
20979,11015,2023-07-19,Intuitive holistic alliance,2,67.62,135.24
20980,11064,2025-02-26,Cross-platform maximized Graphical User Interface,5,36.86,184.3
20981,11089,2024-01-13,Extended methodical data-warehouse,4,31.63,126.52
20982,11028,2023-07-08,Optimized multi-tasking definition,7,38.07,266.49
20983,11074,2024-08-31,Enterprise-wide bi-directional interface,6,33.04,198.24
20984,11039,2024-06-02,Team-oriented demand-driven matrices,2,12.77,25.54
20985,11057,2024-03-09,Optimized methodical algorithm,5,97.44,487.2
20986,11017,2024-07-30,Open-source dedicated support,7,29.87,209.09
20987,11086,2024-11-14,Digitized hybrid pricing structure,7,76.06,532.4200000000001
20988,11090,2025-03-13,Business-focused composite project,5,78.63,393.15
20989,11044,2024-07-14,Profit-focused leadingedge methodology,9,93.63,842.67
20990,11025,2025-02-07,Reverse-engineered static service-desk,4,12.75,51.0
20991,11017,2023-08-17,User-centric object-oriented Local Area Network,3,88.48,265.44
20992,11013,2024-12-28,Object-based disintermediate matrices,4,57.45,229.8
20993,11084,2023-06-19,De-engineered hybrid pricing structure,5,66.93,334.65000000000003
20994,11025,2025-03-23,Managed non-volatile interface,6,68.0,408.0
20995,11068,2024-07-12,Reverse-engineered high-level algorithm,3,83.78,251.34
20996,11010,2023-11-19,Proactive logistical toolset,2,40.01,80.02
20997,11067,2023-08-31,Open-source empowering core,4,75.97,303.88
20998,11018,2024-11-17,Triple-buffered national database,5,57.57,287.85
20999,11100,2024-10-12,Visionary intermediate hardware,4,81.41,325.64
21000,11086,2024-07-09,Synchronized analyzing toolset,3,99.15,297.45000000000005
